imdb_id,title,plot_synopsis,tags,split,synopsis_source
"tt001,title1,""Plot synopsis 1 ti"",""tiag1,tag2"",test,source1"
"tt002,title2,""Plot synopsis 2"",""tag3,tag4"",test,source2"
"tt003,title3,""Ptititilot sytititinopsis 3"",""tag3 ti ti it,tag4"",test,source3"
"tt004,title2,""Plot synopsis 2"",""tag3,tag4"",test,source2"
"tt005,title1,""Plot synopsis 1"",""tag1,tag2"",test,source1"
"tt006,title2,""Plot synopsis 2"",""tag3,tag4"",test,source2"
"tt007,title3,""Plot sytinoptisis 3"",""titiag3,tiag4"",tiesti,source3"
"tt008,title2,""Plot synopsis 2"",""tag3,tag4"",test,source2"
"tt009,title1,""Plotiti synopstis 1"",""tag1,tag2"",test,source1"
"tt010,title2,""Plot synopsis 2"",""tag3,tag4"",test,source2"
"tt011,titititle3,""Plot sytinopsis ti 3"",""ti tiag3,tag4, ti ti"",test,source3"
"tt012,title2,""Plot ti ti ti titi synotipsis 2"",""tititiag3,tiag4"",test,source2"
